SampleID,Barcode,Description,PotNumber,Genotype,Water,Compartment
KM.1,AATTGTGTCGGAAGTTACGAGCTA,2_R_WT_ND,2,WT,NotDrought,Rhizosphere
KM.2,AATTGTGTCGGAGCATATGCACTG,3_R_AN2_ND,3,AN2,NotDrought,Rhizosphere
KM.6,AATTGTGTCGGACACTACGCTAGA,7_R_BS_ND,7,BulkSoil,NotDrought,Rhizosphere
KM.7,AATTGTGTCGGATGCAGTCCTCGA,8_R_WT_ND,8,WT,NotDrought,Rhizosphere
KM.8,AATTGTGTCGGAACCATAGCTCCG,9_R_AN2_ND,9,AN2,NotDrought,Rhizosphere
KM.12,AATTGTGTCGGATTGGGTACACGT,13_R_BS_ND,13,BulkSoil,NotDrought,Rhizosphere
KM.13,AATTGTGTCGGAAAGGCGCTCCTT,14_R_WT_ND,14,WT,NotDrought,Rhizosphere
KM.14,AATTGTGTCGGATAATACGGATCG,15_R_AN2_ND,15,AN2,NotDrought,Rhizosphere
KM.18,AATTGTGTCGGATACTACGTGGCC,19_R_BS_ND,19,BulkSoil,NotDrought,Rhizosphere
KM.19,AATTGTGTCGGAGGCCAGTTCCTA,20_R_WT_ND,20,WT,NotDrought,Rhizosphere
KM.20,AATTGTGTCGGAGATGTTCGCTAG,21_R_AN2_ND,21,AN2,NotDrought,Rhizosphere
KM.23,TGCATACACTGGAGTTACGAGCTA,26_R_WT_ND,26,WT,NotDrought,Rhizosphere
KM.24,TGCATACACTGGGCATATGCACTG,27_R_AN2_ND,27,AN2,NotDrought,Rhizosphere
KM.27,TGCATACACTGGCACTACGCTAGA,31_R_BS_ND,31,BulkSoil,NotDrought,Rhizosphere
KM.28,TGCATACACTGGTGCAGTCCTCGA,32_R_WT_ND,32,WT,NotDrought,Rhizosphere
KM.29,TGCATACACTGGACCATAGCTCCG,33_R_AN2_ND,33,AN2,NotDrought,Rhizosphere
KM.33,TGCATACACTGGTTGGGTACACGT,2_E_WT_ND,2,WT,NotDrought,Endosphere
KM.34,TGCATACACTGGAAGGCGCTCCTT,3_E_AN2_ND,3,AN2,NotDrought,Endosphere
KM.37,TGCATACACTGGTGTGAATTCGGA,8_E_WT_ND,8,WT,NotDrought,Endosphere
KM.38,TGCATACACTGGCATTCGTGGCGT,9_E_AN2_ND,9,AN2,NotDrought,Endosphere
KM.41,TGCATACACTGGGATGTTCGCTAG,14_E_WT_ND,14,WT,NotDrought,Endosphere
KM.42,TGCATACACTGGCTATCTCCTGTC,15_E_AN2_ND,15,AN2,NotDrought,Endosphere
KM.45,AGTCGAACGAGGAGATTGACCAAC,20_E_WT_ND,20,WT,NotDrought,Endosphere
KM.46,AGTCGAACGAGGAGTTACGAGCTA,21_E_AN2_ND,21,AN2,NotDrought,Endosphere
KM.49,AGTCGAACGAGGTTGCGTTAGCAG,26_E_WT_ND,26,WT,NotDrought,Endosphere
KM.50,AGTCGAACGAGGTACGAGCCCTAA,27_E_AN2_ND,27,AN2,NotDrought,Endosphere
KM.53,AGTCGAACGAGGACCATAGCTCCG,32_E_WT_ND,32,WT,NotDrought,Endosphere
KM.54,AGTCGAACGAGGTCGACATCTCTT,33_E_AN2_ND,33,AN2,NotDrought,Endosphere